content,created_at,updated_at,id,sender_id,receiver_id
Return voice above southern sense. Talk he exactly finally mouth.,2022-05-02 16:05:30.000000,2022-05-31 00:35:13.232404,0,4,8
Pretty can better individual season.,2022-05-24 10:59:38.000000,2022-05-31 00:35:13.233402,1,44,15
Drive year focus the force thank night. Out mother she window.,2022-05-23 10:37:03.000000,2022-05-31 00:35:13.233402,2,40,34
Show TV middle foot maybe suffer.,2022-05-11 12:15:02.000000,2022-05-31 00:35:13.233402,3,39,40
Task question majority magazine. Southern best else already.,2022-05-04 12:32:49.000000,2022-05-31 00:35:13.233402,4,25,4
How marriage make myself bar action factor. This community color both section back.,2022-05-20 17:06:56.000000,2022-05-31 00:35:13.233402,5,5,1
Partner education them technology job food able.,2022-05-10 23:02:02.000000,2022-05-31 00:35:13.233402,6,11,5
Difference even too personal agency we husband. Although out degree chair.,2022-05-24 04:25:23.000000,2022-05-31 00:35:13.233402,7,19,15
Key teacher authority team travel.,2022-05-16 23:42:59.000000,2022-05-31 00:35:13.233402,8,45,26
Fact east research position behind suffer say your.,2022-05-25 04:24:11.000000,2022-05-31 00:35:13.234399,9,42,16
World responsibility professor dog rise start risk surface. Among guess add.,2022-05-05 20:35:29.000000,2022-05-31 00:35:13.234399,10,28,11
Health threat grow require be involve everything.,2022-05-08 23:58:03.000000,2022-05-31 00:35:13.234399,11,15,40
Exactly decide enough she. Work alone run production.,2022-05-24 04:27:37.000000,2022-05-31 00:35:13.234399,12,20,41
Clear begin song cause share thought. Raise affect wide account.,2022-05-12 23:16:23.000000,2022-05-31 00:35:13.234399,14,4,3
However must current each heart pick edge. Us country prepare choose by.,2022-05-27 21:21:14.000000,2022-05-31 00:35:13.234399,15,39,8
Store check network price. The lot power likely necessary let debate.,2022-05-06 00:03:06.000000,2022-05-31 00:35:13.235396,16,41,16
Product spring tell push sort either top.,2022-05-14 10:44:25.000000,2022-05-31 00:35:13.235396,17,18,21
Let section song also. West well assume situation college piece.,2022-05-07 03:07:20.000000,2022-05-31 00:35:13.235396,18,33,22
By pressure technology list billion card. Kind front wish able follow him.,2022-05-21 14:30:35.000000,2022-05-31 00:35:13.235396,19,35,3
Sister dinner interview alone. Who likely much soon rule.,2022-05-16 03:02:33.000000,2022-05-31 00:35:13.235396,20,16,33
Black treatment rather because particular. Certainly recognize reduce wonder.,2022-05-10 06:38:27.000000,2022-05-31 00:35:13.235396,21,23,14
Single water science once blue dream throughout model. Necessary itself physical account even central suffer stage.,2022-05-24 20:39:47.000000,2022-05-31 00:35:13.235396,22,22,26
Say various end with spring partner child. Easy direction all not.,2022-05-11 01:34:49.000000,2022-05-31 00:35:13.235396,23,21,20
Else real thought college.,2022-05-18 09:38:43.000000,2022-05-31 00:35:13.236393,24,35,44
Stage be property individual.,2022-05-17 21:53:58.000000,2022-05-31 00:35:13.236393,25,47,2
Impact thus rule always.,2022-05-11 14:42:55.000000,2022-05-31 00:35:13.236393,26,25,9
Save image draw market drug.,2022-05-28 01:02:10.000000,2022-05-31 00:35:13.236393,27,18,43
Democrat already about own she Congress should. Natural still dog friend true.,2022-05-15 16:35:34.000000,2022-05-31 00:35:13.237988,28,23,18
Southern admit board sea message television. Worry factor argue home red never over impact.,2022-05-24 12:28:46.000000,2022-05-31 00:35:13.237988,29,43,30
This east hit hotel card southern.,2022-05-27 21:10:18.000000,2022-05-31 00:35:13.238996,30,31,41
Lay reduce remember while idea wear.,2022-05-09 05:38:23.000000,2022-05-31 00:35:13.238996,31,40,18
Someone season dog per administration subject.,2022-05-28 11:03:46.000000,2022-05-31 00:35:13.238996,32,33,17
Give above suffer prove however. Board control quite common nice.,2022-05-16 13:33:29.000000,2022-05-31 00:35:13.238996,33,12,10
Live debate page happen probably. Radio allow American city capital.,2022-05-05 21:01:24.000000,2022-05-31 00:35:13.238996,34,6,28
Mr individual admit toward available seven and.,2022-05-24 16:30:34.000000,2022-05-31 00:35:13.238996,35,24,7
While first degree wind do action. One spend listen really.,2022-05-14 09:44:01.000000,2022-05-31 00:35:13.238996,36,20,32
Their affect knowledge weight later those only street. Relate security cell figure.,2022-05-14 03:44:13.000000,2022-05-31 00:35:13.238996,37,11,30
Plan move fire choice send value. Some administration service money organization minute article important.,2022-05-12 04:07:31.000000,2022-05-31 00:35:13.239991,38,44,17
Ground fact itself number training item smile.,2022-05-27 05:58:39.000000,2022-05-31 00:35:13.239991,39,16,32
Both where we military lawyer force. Account now science what report star cover.,2022-05-15 13:00:29.000000,2022-05-31 00:35:13.239991,40,23,3
Process down magazine type Mr crime. Of nature upon.,2022-05-19 02:37:18.000000,2022-05-31 00:35:13.239991,41,15,8
Security total training hard. Usually alone always girl.,2022-05-03 22:36:13.000000,2022-05-31 00:35:13.239991,42,23,29
Notice interest involve clear plant such true. Generation magazine ahead radio produce point why.,2022-05-01 18:03:19.000000,2022-05-31 00:35:13.239991,43,42,49
Challenge question you turn it.,2022-05-23 04:42:21.000000,2022-05-31 00:35:13.239991,45,9,41
South artist federal yet improve man deep line. Window TV country central trouble successful.,2022-05-29 14:38:07.000000,2022-05-31 00:35:13.240988,46,43,37
Congress third page her beat. Dinner or offer indicate.,2022-05-23 20:23:37.000000,2022-05-31 00:35:13.240988,47,4,19
Campaign much drug. Respond identify the quite.,2022-05-12 09:07:22.000000,2022-05-31 00:35:13.240988,48,47,31
Avoid consider modern.,2022-05-26 06:31:14.000000,2022-05-31 00:35:13.240988,49,49,3
Consider car doctor staff cause girl. Attention war reality almost class dream off.,2022-05-29 04:50:33.000000,2022-05-31 00:35:13.240988,50,4,48
Table store house wrong form.,2022-05-24 19:58:36.000000,2022-05-31 00:35:13.240988,51,35,32
Later glass short method information. Form sit one toward.,2022-05-17 23:29:29.000000,2022-05-31 00:35:13.240988,52,20,6
Lay guy cover.,2022-05-14 10:10:44.000000,2022-05-31 00:35:13.240988,53,41,23
In officer suffer sometimes artist land sit.,2022-05-03 01:21:23.000000,2022-05-31 00:35:13.241986,54,35,26
Only theory evening.,2022-05-27 09:18:57.000000,2022-05-31 00:35:13.241986,55,38,13
Close project see project under paper free. Thought run several story friend stuff itself.,2022-05-26 16:23:19.000000,2022-05-31 00:35:13.241986,56,15,1
Charge him kitchen such use various.,2022-05-03 10:12:36.000000,2022-05-31 00:35:13.241986,57,6,31
Back law answer what capital more sell. Success man indeed above threat case.,2022-05-25 11:16:52.000000,2022-05-31 00:35:13.241986,58,41,45
Effect month artist group air.,2022-05-14 05:18:10.000000,2022-05-31 00:35:13.241986,59,31,41
Sport yourself different. Key you both piece.,2022-05-29 11:24:50.000000,2022-05-31 00:35:13.242983,60,27,42
Black clear chance. Artist themselves religious serve property food onto should.,2022-05-23 00:50:46.000000,2022-05-31 00:35:13.242983,61,12,39
Way wear trip increase.,2022-05-25 02:05:50.000000,2022-05-31 00:35:13.242983,62,9,2
Involve management rate option PM economic. Project agent lawyer.,2022-05-06 05:31:26.000000,2022-05-31 00:35:13.242983,63,34,4
Hope mother tell product ball military. Popular enough against south young knowledge production.,2022-05-11 15:04:09.000000,2022-05-31 00:35:13.242983,64,6,26
Weight themselves act money person plan.,2022-05-14 06:57:40.000000,2022-05-31 00:35:13.244007,65,25,39
Wonder choice others place. Stand share security record analysis among admit.,2022-05-09 07:30:16.000000,2022-05-31 00:35:13.244007,66,24,0
Property under team understand look student. Its garden eight drive.,2022-05-28 05:39:23.000000,2022-05-31 00:35:13.244007,67,48,21
Police American read maintain space. Us responsibility resource each boy.,2022-05-02 03:35:45.000000,2022-05-31 00:35:13.244007,68,5,28
Provide wide she mean factor study language. Necessary various bring light light cut.,2022-05-02 18:33:28.000000,2022-05-31 00:35:13.244007,69,12,18
Free certainly fast industry hospital tree. Bar write as kitchen nice reality picture.,2022-05-07 11:01:31.000000,2022-05-31 00:35:13.244007,70,43,42
Treat off get perhaps.,2022-05-28 00:34:39.000000,2022-05-31 00:35:13.245002,71,27,28
Guess threat man. Can build tax color third return.,2022-05-12 00:08:15.000000,2022-05-31 00:35:13.245002,72,1,46
Speak spend leader owner. Too skin detail leave certain artist modern within.,2022-05-12 07:06:05.000000,2022-05-31 00:35:13.245002,73,36,34
Develop future leave country.,2022-05-24 16:23:10.000000,2022-05-31 00:35:13.245002,74,49,30
Partner form when site note seem. Smile before once.,2022-05-18 03:49:28.000000,2022-05-31 00:35:13.245002,75,22,29
Song life environment name hour author.,2022-05-29 09:11:00.000000,2022-05-31 00:35:13.245002,76,25,8
Term consider tax foreign.,2022-05-21 09:05:46.000000,2022-05-31 00:35:13.245002,77,30,24
Try such ahead.,2022-05-25 16:14:48.000000,2022-05-31 00:35:13.245002,78,28,37
Relationship similar specific store author find.,2022-05-14 00:29:11.000000,2022-05-31 00:35:13.245999,79,3,0
Hot hard wish heavy interest big east administration.,2022-05-09 06:47:43.000000,2022-05-31 00:35:13.245999,80,38,31
Page story expect democratic bring our state of. Event car less sure.,2022-05-22 18:15:39.000000,2022-05-31 00:35:13.245999,81,5,33
Eight build commercial role.,2022-05-12 05:12:27.000000,2022-05-31 00:35:13.245999,82,44,26
Country crime reveal fire value.,2022-05-13 12:20:09.000000,2022-05-31 00:35:13.245999,83,38,39
Kitchen already president table draw.,2022-05-23 09:13:56.000000,2022-05-31 00:35:13.245999,84,23,8
He discover create forward step. Carry expect general because.,2022-05-28 19:46:27.000000,2022-05-31 00:35:13.245999,85,0,14
Everyone office price argue thought. War view owner everybody budget social.,2022-05-30 16:28:03.000000,2022-05-31 00:35:13.245999,86,32,6
Gas federal avoid politics well against.,2022-05-26 22:29:29.000000,2022-05-31 00:35:13.246996,87,8,37
Business degree order our.,2022-05-29 13:40:40.000000,2022-05-31 00:35:13.246996,88,48,1
Leader end buy method increase statement movement.,2022-05-23 06:23:39.000000,2022-05-31 00:35:13.246996,89,42,34
Finish which another else mind meeting begin property.,2022-05-16 19:54:44.000000,2022-05-31 00:35:13.246996,90,5,47
North idea star order physical.,2022-05-10 21:09:05.000000,2022-05-31 00:35:13.246996,91,48,15
Environment member personal attorney light after. Edge range good.,2022-05-08 06:14:41.000000,2022-05-31 00:35:13.246996,92,36,14
Maintain team region bit war. Available month try.,2022-05-07 03:30:46.000000,2022-05-31 00:35:13.246996,93,11,0
Physical interest above song learn trip country.,2022-05-28 12:16:32.000000,2022-05-31 00:35:13.246996,94,44,20
Pull identify course.,2022-05-18 18:02:04.000000,2022-05-31 00:35:13.246996,95,43,23
Town dark campaign officer most stop allow become.,2022-05-30 16:36:36.000000,2022-05-31 00:35:13.247993,96,8,32
Large particular serve teach usually threat difference.,2022-05-06 04:43:44.000000,2022-05-31 00:35:13.247993,97,8,35
Fine town central study sing. Soldier difference be rate all.,2022-05-13 03:22:23.000000,2022-05-31 00:35:13.247993,98,46,6
Moment go project suggest itself.,2022-05-26 07:49:23.000000,2022-05-31 00:35:13.247993,99,25,27
Reason night increase letter. Together easy growth wall still.,2022-05-03 07:49:01.000000,2022-05-31 00:35:13.247993,100,8,43
Him company agree.,2022-05-29 07:00:35.000000,2022-05-31 00:35:13.247993,101,14,49
Expert usually green get hit scene.,2022-05-13 22:08:29.000000,2022-05-31 00:35:13.248991,102,28,34
Season fish itself defense push exactly.,2022-05-14 10:30:23.000000,2022-05-31 00:35:13.248991,103,49,29
Such author include serve few newspaper benefit. Use bit experience term party film environmental.,2022-05-15 17:37:59.000000,2022-05-31 00:35:13.248991,104,13,35
Mention cold eye behind theory American assume. Security wall street.,2022-05-04 13:23:48.000000,2022-05-31 00:35:13.248991,105,44,22
Model continue coach the.,2022-05-20 10:28:45.000000,2022-05-31 00:35:13.248991,106,45,13
Miss eat factor floor thing.,2022-05-10 08:31:09.000000,2022-05-31 00:35:13.248991,107,35,27
Congress action performance draw feeling. Join marriage mission you.,2022-05-07 01:49:37.000000,2022-05-31 00:35:13.248991,108,43,31
Near late morning response civil they speak lose. Success top remain our.,2022-05-11 03:46:03.000000,2022-05-31 00:35:13.248991,109,36,9
Edge thus else whether east. Data position discussion fear painting.,2022-05-18 18:21:09.000000,2022-05-31 00:35:13.249988,110,1,22
Reason weight network energy many interesting.,2022-05-24 23:03:51.000000,2022-05-31 00:35:13.249988,111,6,34
Establish than despite.,2022-05-27 06:16:21.000000,2022-05-31 00:35:13.249988,112,16,14
Different until true bring without. Top maintain which for matter light quickly.,2022-05-25 21:53:21.000000,2022-05-31 00:35:13.249988,113,42,43
Rise employee important listen buy kid suddenly.,2022-05-02 20:07:14.000000,2022-05-31 00:35:13.249988,114,35,15
Soon energy deal remember. In while determine the PM item as.,2022-05-04 06:49:39.000000,2022-05-31 00:35:13.249988,115,21,32
Anything north current pretty nor. National though each eat of specific central.,2022-05-07 14:46:15.000000,2022-05-31 00:35:13.249988,116,43,5
Card bar hundred cup fly politics. Military property important nature.,2022-05-30 05:44:34.000000,2022-05-31 00:35:13.249988,117,1,44
Little occur give officer investment very.,2022-05-11 23:49:07.000000,2022-05-31 00:35:13.250987,118,32,7
Book agent month rule explain black. Shoulder each type reduce American letter staff.,2022-05-22 02:17:58.000000,2022-05-31 00:35:13.250987,119,7,0
Public day yard home good. Office treat sport remain the TV.,2022-05-02 08:26:16.000000,2022-05-31 00:35:13.250987,120,14,30
Number usually majority there off Democrat. Education computer affect.,2022-05-11 04:21:51.000000,2022-05-31 00:35:13.250987,121,15,36
Half as analysis serious have word rich. Hard speak similar office democratic too.,2022-05-22 20:26:29.000000,2022-05-31 00:35:13.250987,122,9,37
Tell step policy of herself who young. Material many start director.,2022-05-15 14:26:49.000000,2022-05-31 00:35:13.250987,123,13,29
Dinner page subject hour soldier item peace. Within dream play represent guy industry road condition.,2022-05-25 22:13:20.000000,2022-05-31 00:35:13.250987,124,35,33
Window by forward management matter others. Tv exactly single street now father image.,2022-05-02 14:50:50.000000,2022-05-31 00:35:13.250987,125,36,45
Stock baby another reveal local fund magazine.,2022-05-26 05:37:45.000000,2022-05-31 00:35:13.251983,126,16,44
Suggest treatment soldier of put indicate cover.,2022-05-07 21:13:52.000000,2022-05-31 00:35:13.251983,127,12,29
Traditional tree executive beautiful. Book glass food myself ago sometimes.,2022-05-11 21:59:01.000000,2022-05-31 00:35:13.251983,128,1,7
Evidence thought issue for quite. Myself close compare whole world decision live.,2022-05-17 14:42:29.000000,2022-05-31 00:35:13.251983,129,42,20
Speech paper oil spring young we evidence. Black more specific poor.,2022-05-26 20:40:24.000000,2022-05-31 00:35:13.251983,130,10,20
Member general back right thing threat scientist share. Enough foreign animal current fight spring along man.,2022-05-09 12:46:31.000000,2022-05-31 00:35:13.251983,131,12,48
Ever surface nature.,2022-05-22 18:50:33.000000,2022-05-31 00:35:13.251983,132,1,33
Care executive present career. Director too box city reduce.,2022-05-19 16:10:21.000000,2022-05-31 00:35:13.251983,133,25,2
Strategy level family family receive because six each.,2022-05-12 15:48:34.000000,2022-05-31 00:35:13.251983,134,48,21
Some seek tell station artist with upon.,2022-05-24 18:27:52.000000,2022-05-31 00:35:13.252980,135,16,6
Security especially start Democrat girl.,2022-05-02 19:26:55.000000,2022-05-31 00:35:13.252980,136,23,17
Responsibility item arm hair scientist south begin.,2022-05-03 20:52:18.000000,2022-05-31 00:35:13.252980,137,36,40
Since large base customer summer air growth off.,2022-05-28 16:15:34.000000,2022-05-31 00:35:13.252980,138,49,3
Peace agree government war.,2022-05-12 01:45:33.000000,2022-05-31 00:35:13.252980,139,37,47
Act several market thousand security place. Anything try three wind us.,2022-05-28 06:20:36.000000,2022-05-31 00:35:13.252980,140,2,42
Ahead eight expect available spring. Somebody their prepare give those.,2022-05-17 15:16:09.000000,2022-05-31 00:35:13.252980,141,49,44
Physical understand capital she point star garden administration. Gun century strategy certainly notice consider democratic.,2022-05-01 15:44:17.000000,2022-05-31 00:35:13.252980,142,33,41
Reduce order structure. Join six chance collection follow.,2022-05-08 09:31:10.000000,2022-05-31 00:35:13.253977,143,27,2
Anything follow rest either. Inside put crime heavy future item life.,2022-05-29 00:50:38.000000,2022-05-31 00:35:13.253977,144,23,2
Four buy argue. Open dark more idea pretty next occur.,2022-05-22 05:35:42.000000,2022-05-31 00:35:13.253977,145,47,32
Speech finish conference public. Total reason analysis trip also.,2022-05-08 03:21:01.000000,2022-05-31 00:35:13.253977,146,15,25
Newspaper address eye of relate role.,2022-05-15 10:43:05.000000,2022-05-31 00:35:13.253977,147,36,48
Feel protect body force. Year game especially change.,2022-05-01 19:27:49.000000,2022-05-31 00:35:13.253977,148,49,23
Wait toward tend husband option nearly home.,2022-05-12 10:24:39.000000,2022-05-31 00:35:13.253977,149,6,37
Need group race mother forward financial.,2022-05-24 15:02:13.000000,2022-05-31 00:35:13.254976,150,40,35
Alone author rich within number sell budget.,2022-05-10 13:38:01.000000,2022-05-31 00:35:13.254976,151,34,5
Start national movie fish. Radio let likely position lose population someone by.,2022-05-16 10:37:09.000000,2022-05-31 00:35:13.254976,152,35,20
Speech owner child money ten.,2022-05-09 09:12:56.000000,2022-05-31 00:35:13.254976,153,9,40
Expert drive manage or real trial. Work society one draw watch seat production.,2022-05-12 17:35:04.000000,2022-05-31 00:35:13.254976,154,16,8
Push human meeting discover.,2022-05-03 15:50:25.000000,2022-05-31 00:35:13.254976,155,1,11
Experience off whatever modern after.,2022-05-18 13:25:36.000000,2022-05-31 00:35:13.254976,156,16,45
Or reduce support final myself game. Eight interesting professional resource.,2022-05-10 10:05:46.000000,2022-05-31 00:35:13.254976,157,27,2
State power we.,2022-05-27 22:03:23.000000,2022-05-31 00:35:13.255973,158,6,38
Tend individual note water also.,2022-05-30 09:24:20.000000,2022-05-31 00:35:13.255973,159,43,34
Season bit tax off old thank. Pressure conference line notice policy.,2022-05-15 04:23:26.000000,2022-05-31 00:35:13.255973,160,2,8
Investment animal ball lawyer week process. Instead ago note pressure professor into scene remain.,2022-05-18 18:50:51.000000,2022-05-31 00:35:13.255973,161,34,7
Each need relate information first.,2022-05-06 21:00:56.000000,2022-05-31 00:35:13.255973,162,30,25
Son treatment professional speak to. Newspaper live nature happen air without sure.,2022-05-07 06:56:51.000000,2022-05-31 00:35:13.255973,163,8,1
Another seek space despite once which.,2022-05-19 16:52:41.000000,2022-05-31 00:35:13.255973,164,29,4
Exactly they imagine.,2022-05-03 07:18:01.000000,2022-05-31 00:35:13.255973,165,38,41
Movement manager responsibility member. By surface result prepare.,2022-05-19 16:31:23.000000,2022-05-31 00:35:13.256969,166,37,19
Threat meeting economic various after main. Property eat throw current Mrs.,2022-05-05 20:20:39.000000,2022-05-31 00:35:13.256969,167,24,47
View get husband.,2022-05-29 15:16:20.000000,2022-05-31 00:35:13.256969,168,0,42
Compare happy skill blood once usually success.,2022-05-23 21:42:02.000000,2022-05-31 00:35:13.256969,169,15,25
Guy reveal away among maintain will than. Remain ball whose firm edge.,2022-05-25 16:36:17.000000,2022-05-31 00:35:13.256969,170,43,22
Quickly become organization power charge local college.,2022-05-19 03:50:07.000000,2022-05-31 00:35:13.256969,171,31,46
Sell top money trouble. Soldier for catch key you.,2022-05-24 02:43:57.000000,2022-05-31 00:35:13.256969,172,6,11
Federal return beautiful fire life stand.,2022-05-12 04:57:48.000000,2022-05-31 00:35:13.256969,173,33,12
Administration improve deep effect structure cell itself.,2022-05-28 14:49:30.000000,2022-05-31 00:35:13.256969,174,29,14
Forward social of trade important begin. Often use course certain officer.,2022-05-30 00:28:41.000000,2022-05-31 00:35:13.257968,175,41,24
Investment Republican recognize beat your.,2022-05-20 20:02:13.000000,2022-05-31 00:35:13.257968,176,26,14
Result science little. To today sit although people.,2022-05-06 20:44:25.000000,2022-05-31 00:35:13.257968,177,25,20
Amount help policy protect role leave newspaper.,2022-05-12 01:02:40.000000,2022-05-31 00:35:13.258943,178,20,29
Throughout call day project middle administration any remember.,2022-05-22 12:58:34.000000,2022-05-31 00:35:13.258943,179,20,4
Move its seek else.,2022-05-02 20:18:31.000000,2022-05-31 00:35:13.258943,180,19,22
Morning agreement share down. Cultural evidence your for apply.,2022-05-20 13:40:40.000000,2022-05-31 00:35:13.258943,181,29,49
Feeling foreign other yourself through product no. Window young upon reveal there.,2022-05-24 07:03:53.000000,2022-05-31 00:35:13.258943,182,12,24
Win usually office lose save tonight hold partner.,2022-05-29 09:37:51.000000,2022-05-31 00:35:13.259938,183,43,4
Best investment understand buy specific check summer.,2022-05-08 23:26:09.000000,2022-05-31 00:35:13.259938,184,39,25
Recently out step machine town third throughout.,2022-05-17 13:55:03.000000,2022-05-31 00:35:13.259938,185,25,34
Human college lay tax send safe. Garden style star.,2022-05-04 17:04:23.000000,2022-05-31 00:35:13.259938,186,17,25
Past sure human doctor.,2022-05-02 10:38:32.000000,2022-05-31 00:35:13.259938,187,46,35
Protect interest team enjoy show certainly.,2022-05-19 13:50:22.000000,2022-05-31 00:35:13.259938,188,23,30
Red century every.,2022-05-20 09:53:05.000000,2022-05-31 00:35:13.259938,189,15,8
Away white thus challenge let. Forward Democrat leg give white.,2022-05-26 16:09:09.000000,2022-05-31 00:35:13.259938,190,44,47
Management away oil any moment put range cover. Teach about upon build.,2022-05-20 14:40:32.000000,2022-05-31 00:35:13.259938,191,11,28
Between alone edge they.,2022-05-10 02:58:37.000000,2022-05-31 00:35:13.260935,192,24,36
Always truth rock certain.,2022-05-25 22:16:01.000000,2022-05-31 00:35:13.260935,193,16,39
Wonder assume method development they have everyone. Pull his white job goal ten.,2022-05-06 22:40:59.000000,2022-05-31 00:35:13.260935,194,29,31
Measure discover in kind.,2022-05-06 19:39:52.000000,2022-05-31 00:35:13.260935,195,12,48
Less strong necessary throw six employee.,2022-05-02 16:47:45.000000,2022-05-31 00:35:13.260935,196,11,12
Create than young once heart price.,2022-05-13 04:59:24.000000,2022-05-31 00:35:13.260935,197,28,45
At reach college discussion believe.,2022-05-07 05:03:51.000000,2022-05-31 00:35:13.260935,198,14,0
White station scientist toward adult. Above home modern final amount.,2022-05-07 12:20:48.000000,2022-05-31 00:35:13.261932,199,32,24
Kitchen just natural affect teach once material. Education enough whether marriage receive seat while evening.,2022-05-12 13:39:43.000000,2022-05-31 00:35:13.261932,200,18,9
Adult effect involve test say among.,2022-05-09 17:36:12.000000,2022-05-31 00:35:13.261932,201,7,32
Bar point service.,2022-05-03 17:04:14.000000,2022-05-31 00:35:13.261932,202,23,45
Treat along director space tax tonight. Analysis travel discover successful find.,2022-05-06 01:27:58.000000,2022-05-31 00:35:13.261932,203,28,42
Front environment sell idea will particularly generation. Yard since floor stay purpose early.,2022-05-02 16:42:10.000000,2022-05-31 00:35:13.261932,204,14,27
Two television work second stuff allow employee case. Action game sound night since.,2022-05-13 09:32:30.000000,2022-05-31 00:35:13.261932,205,17,19
Past consider low.,2022-05-04 06:17:12.000000,2022-05-31 00:35:13.261932,206,33,38
High support office particular relate. About election card current argue free.,2022-05-26 01:56:25.000000,2022-05-31 00:35:13.262929,207,15,48
Describe establish suffer even tend up science.,2022-05-29 06:16:19.000000,2022-05-31 00:35:13.262929,208,32,5
Water language some wife account our.,2022-05-30 18:43:33.000000,2022-05-31 00:35:13.262929,209,17,14
Determine give water religious act pass forward. Second ability number never avoid.,2022-05-17 03:27:00.000000,2022-05-31 00:35:13.262929,210,39,43
Degree thousand long car wind painting.,2022-05-04 10:37:56.000000,2022-05-31 00:35:13.262929,211,33,35
Figure worker catch risk follow word. Law artist class culture.,2022-05-29 12:49:59.000000,2022-05-31 00:35:13.262929,212,6,43
Finish sing religious change want. Thank final executive item between air.,2022-05-08 03:53:37.000000,2022-05-31 00:35:13.262929,213,27,46
Imagine when market discover officer. Success for painting happy determine.,2022-05-04 09:57:41.000000,2022-05-31 00:35:13.262929,214,5,13
Major anything any.,2022-05-10 23:22:44.000000,2022-05-31 00:35:13.263926,215,43,8
About turn particular morning reveal machine.,2022-05-28 04:26:53.000000,2022-05-31 00:35:13.263926,216,26,35
Many rule teacher manager.,2022-05-26 03:47:25.000000,2022-05-31 00:35:13.263926,217,2,20
Us professional pull establish.,2022-05-04 09:09:55.000000,2022-05-31 00:35:13.263926,218,27,43
Bad throw history growth. Environment size able often.,2022-05-23 21:42:57.000000,2022-05-31 00:35:13.263926,219,20,0
Do be affect college alone than.,2022-05-27 21:41:13.000000,2022-05-31 00:35:13.263926,220,21,33
Student during defense. Strategy here such magazine read reflect although.,2022-05-12 05:39:18.000000,2022-05-31 00:35:13.264938,221,36,32
Person thank actually agree above themselves even more.,2022-05-09 11:33:38.000000,2022-05-31 00:35:13.264938,222,7,15
Under pay book money.,2022-05-04 06:44:09.000000,2022-05-31 00:35:13.264938,223,15,44
Whom thank begin population usually idea. This there agreement technology church third.,2022-05-11 17:27:51.000000,2022-05-31 00:35:13.264938,224,11,43
Audience near station tough particularly month chance.,2022-05-12 09:58:25.000000,2022-05-31 00:35:13.264938,225,23,48
Position indicate machine dinner interview open cause.,2022-05-02 19:35:33.000000,2022-05-31 00:35:13.264938,226,20,17
Yourself language debate cultural compare owner.,2022-05-11 16:18:27.000000,2022-05-31 00:35:13.264938,227,40,8
Listen court friend need picture blood authority. Garden firm director here choose summer later.,2022-05-16 21:32:14.000000,2022-05-31 00:35:13.265921,228,28,36
Run civil read against. Reason at we attack morning almost.,2022-05-11 01:47:16.000000,2022-05-31 00:35:13.265921,229,14,17
Audience environment police back per.,2022-05-14 22:15:48.000000,2022-05-31 00:35:13.265921,230,25,29
Size move wear short teach long her board. Glass whole pull economic mean itself knowledge.,2022-05-29 06:15:22.000000,2022-05-31 00:35:13.265921,231,13,27
Anyone thousand bill decide group eat seek manager. Age movement carry able peace who film.,2022-05-04 09:03:28.000000,2022-05-31 00:35:13.265921,233,34,20
Inside take yes miss similar sing science.,2022-05-23 06:14:47.000000,2022-05-31 00:35:13.265921,234,26,30
Soon across market water.,2022-05-29 02:41:22.000000,2022-05-31 00:35:13.265921,235,35,43
Level wide friend situation but southern away.,2022-05-26 23:08:24.000000,2022-05-31 00:35:13.265921,236,43,34
Decade nor activity challenge nature claim. Hospital range early mention society give establish.,2022-05-15 15:25:21.000000,2022-05-31 00:35:13.266918,237,15,35
Window husband matter investment long. Sport win team cultural art.,2022-05-07 01:25:39.000000,2022-05-31 00:35:13.266918,238,48,8
Matter college spend shake mention method.,2022-05-02 16:11:21.000000,2022-05-31 00:35:13.266918,239,26,32
Figure his gas college wonder. Pick treat officer budget develop suffer.,2022-05-28 14:20:32.000000,2022-05-31 00:35:13.266918,240,38,31
Scene easy fire edge cost person drive.,2022-05-01 22:41:52.000000,2022-05-31 00:35:13.266918,241,35,14
Adult their field soldier hour.,2022-05-10 08:57:28.000000,2022-05-31 00:35:13.266918,242,41,48
Soldier foreign image blue draw note other.,2022-05-23 05:17:35.000000,2022-05-31 00:35:13.266918,243,20,34
Even cost strategy agreement. Stand trade own available later morning.,2022-05-16 12:50:38.000000,2022-05-31 00:35:13.267916,244,25,9
Hand our down authority close information. Question property song hit.,2022-05-06 09:20:38.000000,2022-05-31 00:35:13.267916,245,14,26
Give anyone boy opportunity. These still camera foot animal anyone.,2022-05-20 12:33:33.000000,2022-05-31 00:35:13.267916,246,22,26
Deal offer prove worker forward. Mother according himself development although.,2022-05-10 17:00:19.000000,2022-05-31 00:35:13.267916,247,21,39
Consumer network much better top purpose billion work. Themselves rich teach administration nation.,2022-05-20 03:37:31.000000,2022-05-31 00:35:13.267916,248,25,18
Light brother style kind sure travel responsibility. Purpose young magazine check.,2022-05-15 11:27:04.000000,2022-05-31 00:35:13.267916,249,34,38
Memory his learn force.,2022-05-25 09:42:24.000000,2022-05-31 00:35:13.267916,250,41,15
Food also husband tend strong bring TV campaign.,2022-05-23 06:22:32.000000,2022-05-31 00:35:13.268914,251,6,5
Idea matter option push.,2022-05-16 22:50:47.000000,2022-05-31 00:35:13.268914,252,48,22
Line my next type eight.,2022-05-03 10:29:20.000000,2022-05-31 00:35:13.268914,253,30,44
Thank economy cup out music line white. Sport left environment little state book spend.,2022-05-22 12:18:21.000000,2022-05-31 00:35:13.268914,254,27,46
Election war third suggest form for seat. Never message yet that law six its exactly.,2022-05-21 06:50:40.000000,2022-05-31 00:35:13.268914,255,11,26
Anything step most build sing.,2022-05-19 13:24:57.000000,2022-05-31 00:35:13.268914,256,41,44
View big daughter local.,2022-05-09 12:40:21.000000,2022-05-31 00:35:13.268914,257,15,6
Certainly factor leave floor agreement feel head.,2022-05-20 19:41:00.000000,2022-05-31 00:35:13.269910,258,10,19
Magazine whether write herself western. Consider business science national final pass.,2022-05-23 07:49:20.000000,2022-05-31 00:35:13.269910,259,10,37
Possible me perform head within. Official point attack both your they.,2022-05-19 16:53:49.000000,2022-05-31 00:35:13.269910,260,14,4
Five maybe east Congress language attention. Loss father series toward future.,2022-05-01 00:51:39.000000,2022-05-31 00:35:13.269910,261,26,41
Exist gun weight miss few. Summer group government through range.,2022-05-25 18:28:09.000000,2022-05-31 00:35:13.269910,262,42,5
Control water still ever hold.,2022-05-23 12:00:38.000000,2022-05-31 00:35:13.269910,263,26,24
Hot drug because heart need. Follow go them up people early.,2022-05-17 15:37:14.000000,2022-05-31 00:35:13.269910,264,16,9
Analysis garden car finally likely. Camera along friend chair discussion.,2022-05-10 10:27:31.000000,2022-05-31 00:35:13.269910,265,29,35
Free respond visit upon system arrive possible almost.,2022-05-16 03:37:16.000000,2022-05-31 00:35:13.270908,266,31,29
Stay fill figure interview after four threat herself.,2022-05-04 09:00:53.000000,2022-05-31 00:35:13.270908,267,11,34
Standard hard blood impact. Ball manager special building nature response believe type.,2022-05-20 02:51:22.000000,2022-05-31 00:35:13.270908,268,23,12
Follow exactly these less represent. Establish sister pressure like.,2022-05-07 10:48:25.000000,2022-05-31 00:35:13.270908,269,0,47
Film live pass stage center nothing near. Move region beautiful these assume.,2022-05-07 08:44:51.000000,2022-05-31 00:35:13.270908,271,42,39
Protect community before hour small onto late.,2022-05-11 13:26:08.000000,2022-05-31 00:35:13.270908,272,37,28
Room we nice administration prove standard.,2022-05-13 05:14:33.000000,2022-05-31 00:35:13.270908,273,19,8
Argue beat hear.,2022-05-12 20:18:11.000000,2022-05-31 00:35:13.271905,274,3,48
Indicate rule final power power.,2022-05-01 11:20:51.000000,2022-05-31 00:35:13.271905,275,10,4
Wide interesting process kind. Cup girl common tree create campaign.,2022-05-12 17:09:28.000000,2022-05-31 00:35:13.271905,276,44,22
Still more condition several way much relate wear.,2022-05-24 01:38:45.000000,2022-05-31 00:35:13.271905,277,7,14
Hand visit require beyond new late. There would amount off worry police.,2022-05-11 10:35:58.000000,2022-05-31 00:35:13.271905,278,15,38
Particular usually financial game one thought. Before clear all build real ahead purpose.,2022-05-09 09:02:41.000000,2022-05-31 00:35:13.271905,279,35,11
Price more than build.,2022-05-01 21:27:18.000000,2022-05-31 00:35:13.271905,280,15,39
Administration financial call better when thing.,2022-05-12 21:54:37.000000,2022-05-31 00:35:13.272902,281,33,13
Third if guy better second.,2022-05-18 06:45:29.000000,2022-05-31 00:35:13.272902,282,40,28
Carry instead democratic explain federal whom try.,2022-05-12 23:41:13.000000,2022-05-31 00:35:13.272902,283,1,30
Wrong live official need money direction effect. War upon study figure agreement economy.,2022-05-22 02:01:30.000000,2022-05-31 00:35:13.272902,284,4,42
Represent good visit himself collection order. Reveal collection sign since through executive charge.,2022-05-24 15:24:45.000000,2022-05-31 00:35:13.272902,285,34,0
Hold up price else structure cup management.,2022-05-06 06:30:06.000000,2022-05-31 00:35:13.272902,286,0,5
Kid low personal kind up determine.,2022-05-08 04:37:48.000000,2022-05-31 00:35:13.272902,287,29,22
Fine stuff change itself woman interesting skill movement. Clear live close various both check.,2022-05-20 18:47:31.000000,2022-05-31 00:35:13.273900,288,31,40
Will he positive.,2022-05-07 15:32:05.000000,2022-05-31 00:35:13.273900,289,4,29
Fear go customer those worker recognize operation exactly.,2022-05-27 06:44:14.000000,2022-05-31 00:35:13.273900,290,33,2
System finish life.,2022-05-11 06:00:26.000000,2022-05-31 00:35:13.273900,291,1,0
Camera step heavy plant hard.,2022-05-18 22:27:03.000000,2022-05-31 00:35:13.273900,292,32,2
One field capital. Various two eight market family which effect.,2022-05-29 20:52:54.000000,2022-05-31 00:35:13.274896,293,15,46
A feeling baby our return.,2022-05-17 21:28:34.000000,2022-05-31 00:35:13.274896,294,23,3
Today as lot officer be big everyone.,2022-05-20 07:59:26.000000,2022-05-31 00:35:13.274896,295,22,40
Race management her know current. Care page effort effort charge.,2022-05-11 22:45:15.000000,2022-05-31 00:35:13.274896,296,13,1
Example less position skill when. Manage some remember sort day company.,2022-05-27 16:15:59.000000,2022-05-31 00:35:13.274896,297,6,13
Case for low. Quickly there including friend firm.,2022-05-04 05:01:56.000000,2022-05-31 00:35:13.274896,298,1,19
Score summer source entire hotel order anyone.,2022-05-22 16:27:06.000000,2022-05-31 00:35:13.274896,300,7,1
Prepare with whose reveal focus project practice.,2022-05-02 01:24:06.000000,2022-05-31 00:35:13.274896,301,34,11
Military pass fish body tax ready. Discussion leader better wonder.,2022-05-21 01:12:02.000000,2022-05-31 00:35:13.275893,302,48,49
Charge popular investment what despite. State reach suddenly responsibility.,2022-05-29 09:21:09.000000,2022-05-31 00:35:13.275893,303,45,44
Represent identify sister. Prepare focus can grow issue feel.,2022-05-24 21:54:05.000000,2022-05-31 00:35:13.275893,304,26,32
Way seven PM yes. Medical plan mother chance pull catch world involve.,2022-05-18 19:48:28.000000,2022-05-31 00:35:13.275893,305,22,15
Without require money win cup memory someone itself. You bag rock argue wind raise door.,2022-05-04 05:08:03.000000,2022-05-31 00:35:13.275893,306,18,9
More amount discuss experience choice over.,2022-05-19 05:52:33.000000,2022-05-31 00:35:13.275893,307,41,48
Nearly likely site laugh how keep ability mother.,2022-05-12 17:41:04.000000,2022-05-31 00:35:13.276890,308,25,46
Poor least also little. Us part be by someone.,2022-05-13 20:28:55.000000,2022-05-31 00:35:13.276890,309,8,25
History too security particular environment.,2022-05-14 08:13:11.000000,2022-05-31 00:35:13.276890,310,13,0
Area participant so more garden. History marriage structure alone from meeting idea.,2022-05-11 22:16:35.000000,2022-05-31 00:35:13.276890,311,29,2
Western medical discuss.,2022-05-11 21:52:24.000000,2022-05-31 00:35:13.276890,312,9,47
Least movie according particular purpose.,2022-05-18 02:24:13.000000,2022-05-31 00:35:13.276890,313,22,4
City some generation under represent use.,2022-05-04 05:58:00.000000,2022-05-31 00:35:13.276890,314,21,18
Design smile check contain level fact. And agency at.,2022-05-10 22:27:10.000000,2022-05-31 00:35:13.277888,315,46,4
Source left participant test.,2022-05-09 12:17:05.000000,2022-05-31 00:35:13.277888,316,33,27
Floor character sign herself.,2022-05-01 20:33:33.000000,2022-05-31 00:35:13.277888,317,13,8
Resource true drug in affect something finally.,2022-05-05 10:28:59.000000,2022-05-31 00:35:13.277888,318,44,12
Choice size current south time.,2022-05-16 11:48:11.000000,2022-05-31 00:35:13.277888,319,3,35
Piece local range performance candidate perhaps such.,2022-05-05 11:17:14.000000,2022-05-31 00:35:13.277888,320,31,7
Later treat institution similar wall for ago.,2022-05-08 15:32:50.000000,2022-05-31 00:35:13.277888,321,47,7
Into six hear well later. Prevent according bed law picture trip.,2022-05-16 01:20:16.000000,2022-05-31 00:35:13.277888,322,42,41
Security anything around world. Rock strong mouth political.,2022-05-13 07:15:03.000000,2022-05-31 00:35:13.278885,323,30,9
Role ten budget that.,2022-05-16 11:47:27.000000,2022-05-31 00:35:13.278885,324,35,4
Cultural watch else board music throw.,2022-05-14 09:59:47.000000,2022-05-31 00:35:13.278885,325,1,0
Trade just local.,2022-05-30 15:57:06.000000,2022-05-31 00:35:13.278885,326,8,30
Mr company book statement establish.,2022-05-10 15:30:10.000000,2022-05-31 00:35:13.278885,327,43,10
Music writer animal argue. Budget front sport.,2022-05-12 05:54:40.000000,2022-05-31 00:35:13.278885,328,22,1
Leader five beautiful fast fund cost out. Thought good ball report blood human minute.,2022-05-20 22:48:25.000000,2022-05-31 00:35:13.279882,329,2,32
Without medical sit southern economy. Whom operation serious identify wide use.,2022-05-12 04:53:54.000000,2022-05-31 00:35:13.279882,330,34,7
Claim somebody above center safe including product. Order pull worker other responsibility bank.,2022-05-22 02:01:58.000000,2022-05-31 00:35:13.279882,331,28,29
Important each rest.,2022-05-22 15:43:18.000000,2022-05-31 00:35:13.279882,332,45,5
Cell local responsibility sometimes cut since.,2022-05-20 23:47:37.000000,2022-05-31 00:35:13.279882,333,42,33
Best generation always approach nothing health oil sort. Much note visit choose month up half send.,2022-05-30 04:40:10.000000,2022-05-31 00:35:13.279882,334,29,48
Drop consider perhaps behind for nation network might. Significant investment song.,2022-05-23 05:16:06.000000,2022-05-31 00:35:13.279882,335,24,30
Bank side pattern fill majority much very thought.,2022-05-06 03:47:45.000000,2022-05-31 00:35:13.279882,336,13,14
Task have sound area course of particularly.,2022-05-01 09:28:42.000000,2022-05-31 00:35:13.279882,337,39,43
Line defense beat tonight.,2022-05-03 04:03:14.000000,2022-05-31 00:35:13.280879,338,46,14
Avoid race true boy religious many.,2022-05-09 14:46:17.000000,2022-05-31 00:35:13.280879,339,49,36
Truth for everyone window suggest. Night condition may rock decide night TV pass.,2022-05-06 21:46:38.000000,2022-05-31 00:35:13.280879,340,35,42
Former foot hit population enter rise audience. Lawyer good pretty both.,2022-05-19 00:55:04.000000,2022-05-31 00:35:13.280879,341,41,27
Not be maintain.,2022-05-12 18:06:45.000000,2022-05-31 00:35:13.280879,342,38,18
View just group trade staff simple goal year.,2022-05-05 17:01:19.000000,2022-05-31 00:35:13.280879,343,14,38
Nearly could laugh myself crime find town. Range eye lead catch thought.,2022-05-20 11:40:18.000000,2022-05-31 00:35:13.280879,345,2,25
City specific interesting three feeling thought collection close.,2022-05-23 00:45:26.000000,2022-05-31 00:35:13.281877,346,31,12
Program yet blue easy personal.,2022-05-19 08:22:29.000000,2022-05-31 00:35:13.281877,347,33,41
Glass south push address pressure yeah determine performance. Attack claim mind keep little smile mission.,2022-05-17 04:51:36.000000,2022-05-31 00:35:13.281877,348,11,39
Step as consider range.,2022-05-30 03:34:25.000000,2022-05-31 00:35:13.281877,349,35,39
Role base environmental activity save.,2022-05-29 03:03:38.000000,2022-05-31 00:35:13.281877,350,43,14
Somebody yourself loss hand feeling visit.,2022-05-11 05:20:24.000000,2022-05-31 00:35:13.281877,351,39,11
Its set grow letter commercial bar cell.,2022-05-30 09:51:21.000000,2022-05-31 00:35:13.281877,352,46,37
Assume old term Republican through various. Sort government glass until exist.,2022-05-03 20:50:36.000000,2022-05-31 00:35:13.281877,353,43,3
Staff wife bill opportunity really free. Effect hear staff security page your.,2022-05-25 06:12:03.000000,2022-05-31 00:35:13.281877,354,44,3
Control knowledge tough.,2022-05-11 09:14:02.000000,2022-05-31 00:35:13.282874,355,14,11
Grow American open ready call hotel. Gun information together those would series.,2022-05-04 12:38:30.000000,2022-05-31 00:35:13.282874,356,14,38
Continue soldier reflect economic company story.,2022-05-26 14:36:14.000000,2022-05-31 00:35:13.282874,357,3,5
Create partner black relate program share soldier over.,2022-05-16 04:43:48.000000,2022-05-31 00:35:13.282874,358,5,35
Particular many sometimes lawyer why pretty hundred new.,2022-05-29 14:30:55.000000,2022-05-31 00:35:13.282874,359,45,43
Firm law reach blood wear style development play.,2022-05-28 16:07:06.000000,2022-05-31 00:35:13.282874,360,39,46
Author show phone full.,2022-05-22 16:56:23.000000,2022-05-31 00:35:13.282874,361,6,13
Every figure fish now another religious involve.,2022-05-21 03:53:45.000000,2022-05-31 00:35:13.282874,362,25,16
Like heart point.,2022-05-24 02:35:06.000000,2022-05-31 00:35:13.282874,363,10,4
Quickly meeting report. Just key economic suffer lot.,2022-05-21 16:03:49.000000,2022-05-31 00:35:13.283871,364,1,39
Whole next present glass lead.,2022-05-12 08:38:01.000000,2022-05-31 00:35:13.283871,365,18,27
Ok throw task.,2022-05-08 02:05:04.000000,2022-05-31 00:35:13.283871,366,20,10
Example finish his beat opportunity executive very.,2022-05-24 17:25:34.000000,2022-05-31 00:35:13.283871,367,27,45
Require area win nation either. Arrive laugh we run list.,2022-05-06 05:40:03.000000,2022-05-31 00:35:13.283871,368,36,38
Soldier system skill series unit at. Poor class pattern believe increase prepare.,2022-05-19 07:22:06.000000,2022-05-31 00:35:13.283871,369,26,40
Drive police week wear when check let.,2022-05-29 18:37:38.000000,2022-05-31 00:35:13.283871,370,46,20
Certain these floor own prepare win player.,2022-05-21 10:23:43.000000,2022-05-31 00:35:13.283871,371,30,10
Along father several check.,2022-05-10 08:42:00.000000,2022-05-31 00:35:13.284869,372,24,23
Watch day sea than response design teach. Key surface such drive war.,2022-05-18 13:20:05.000000,2022-05-31 00:35:13.284869,373,6,14
Image politics exist TV financial.,2022-05-16 18:21:28.000000,2022-05-31 00:35:13.284869,374,7,43
North reason music end president ever save serve. Expect citizen natural across door environmental phone step.,2022-05-09 17:28:20.000000,2022-05-31 00:35:13.284869,375,13,21
Give so firm. Blood experience in green card material.,2022-05-12 21:23:52.000000,2022-05-31 00:35:13.284869,376,14,44
Military art buy both. Specific them popular food red occur.,2022-05-13 10:17:24.000000,2022-05-31 00:35:13.284869,377,24,27
Democratic treat meet. Read western purpose.,2022-05-18 20:47:52.000000,2022-05-31 00:35:13.284869,378,40,22
For key radio. Order actually college have citizen.,2022-05-15 01:17:48.000000,2022-05-31 00:35:13.284869,379,21,16
West professor loss PM two shake friend nice. Security bill authority continue might lawyer prevent.,2022-05-30 11:14:24.000000,2022-05-31 00:35:13.285866,380,8,41
Including movement environment agent need prepare week. Attention force site film science.,2022-05-28 07:24:06.000000,2022-05-31 00:35:13.285866,381,11,27
Wind century drop boy relate. Including long management.,2022-05-29 11:45:45.000000,2022-05-31 00:35:13.285866,382,43,26
Third security boy professional sing edge view.,2022-05-19 07:45:07.000000,2022-05-31 00:35:13.285866,384,2,12
His create treatment notice rich child house.,2022-05-02 02:00:14.000000,2022-05-31 00:35:13.285866,385,40,13
Paper contain federal sense happy we employee. Property it person along consumer necessary.,2022-05-11 12:27:32.000000,2022-05-31 00:35:13.285866,386,3,23
Election produce price model receive manager speak.,2022-05-16 05:04:47.000000,2022-05-31 00:35:13.285866,387,30,17
Shake short yes various investment. Maybe page process several young college.,2022-05-18 06:07:55.000000,2022-05-31 00:35:13.285866,388,35,24
Team choice hope executive view. First firm task follow.,2022-05-03 19:58:15.000000,2022-05-31 00:35:13.286863,389,49,34
Plan person new crime image parent.,2022-05-06 06:56:14.000000,2022-05-31 00:35:13.286863,390,37,7
Business condition leg. Hand better down line approach.,2022-05-02 00:07:04.000000,2022-05-31 00:35:13.286863,391,22,44
Everyone foreign around many authority billion late.,2022-05-04 20:14:51.000000,2022-05-31 00:35:13.286863,392,9,40
Page me all alone care phone listen player.,2022-05-06 14:22:16.000000,2022-05-31 00:35:13.286863,394,44,14
Mother consider either owner purpose box film.,2022-05-18 07:58:07.000000,2022-05-31 00:35:13.286863,395,47,37
Draw different cold color often radio street.,2022-05-20 07:26:26.000000,2022-05-31 00:35:13.286863,396,38,40
Me central as want.,2022-05-28 03:45:06.000000,2022-05-31 00:35:13.287861,397,17,22
Soldier already fine.,2022-05-07 11:44:23.000000,2022-05-31 00:35:13.287861,398,49,17
Oil book stand view how. Author could level reach.,2022-05-16 13:59:17.000000,2022-05-31 00:35:13.287861,399,3,24
