caption,image,created_at,updated_at,id,owner_id
Only apply radio responsibility.,https://placeimg.com/562/910/any,2022-05-07 19:49:39.000000,2022-05-31 00:18:40.949541,0,27
Ready professional social special radio hospital pull.,https://picsum.photos/459/310,2022-05-02 23:06:37.000000,2022-05-31 00:18:40.949541,1,30
Source travel foreign much all.,https://picsum.photos/534/284,2022-05-17 01:04:55.000000,2022-05-31 00:18:40.950517,2,5
Writer thus significant bring capital police.,https://picsum.photos/814/164,2022-05-07 23:35:22.000000,2022-05-31 00:18:40.950517,3,18
Should ball look source.,https://dummyimage.com/500x306,2022-05-08 15:34:13.000000,2022-05-31 00:18:40.950517,4,21
Skill body tough support century person.,https://dummyimage.com/712x371,2022-05-27 18:45:14.000000,2022-05-31 00:18:40.950517,5,30
Put apply along often rest condition suddenly father.,https://placekitten.com/260/580,2022-05-29 16:46:46.000000,2022-05-31 00:18:40.950517,6,9
Mention short fund direction now attack upon law.,https://placekitten.com/271/746,2022-05-27 01:14:10.000000,2022-05-31 00:18:40.950517,7,27
Quality collection break agree anyone.,https://placeimg.com/352/555/any,2022-05-29 02:51:05.000000,2022-05-31 00:18:40.950517,8,23
See thus structure use grow certain.,https://picsum.photos/485/203,2022-05-10 18:02:55.000000,2022-05-31 00:18:40.951540,9,9
Civil public pick investment bed parent.,https://placeimg.com/767/243/any,2022-05-01 23:16:32.000000,2022-05-31 00:18:40.951540,10,24
Soldier light old sort song establish.,https://dummyimage.com/234x840,2022-05-11 15:39:24.000000,2022-05-31 00:18:40.951540,11,10
Yourself before degree above.,https://dummyimage.com/892x227,2022-05-27 04:04:37.000000,2022-05-31 00:18:40.951540,12,32
Type impact economy if.,https://dummyimage.com/647x710,2022-05-01 16:33:00.000000,2022-05-31 00:18:40.952515,13,8
Through difficult race guy degree open develop.,https://placekitten.com/463/601,2022-05-23 04:10:40.000000,2022-05-31 00:18:40.952515,14,45
Little around lay argue maintain score computer song.,https://dummyimage.com/812x788,2022-05-21 19:43:38.000000,2022-05-31 00:18:40.952515,15,25
Rise truth yet our move identify positive view.,https://placeimg.com/94/469/any,2022-05-26 17:21:21.000000,2022-05-31 00:18:40.952515,16,1
Drug might wife defense myself word.,https://placekitten.com/818/923,2022-05-07 22:14:54.000000,2022-05-31 00:18:40.952515,17,34
Material field piece history list organization.,https://placekitten.com/168/362,2022-05-17 12:54:40.000000,2022-05-31 00:18:40.952515,18,35
Send gun sport past.,https://picsum.photos/858/75,2022-05-08 10:04:37.000000,2022-05-31 00:18:40.953511,19,24
Clear travel book finally them high.,https://placeimg.com/951/514/any,2022-05-04 13:08:52.000000,2022-05-31 00:18:40.953511,20,48
Smile north wind order cost.,https://dummyimage.com/997x941,2022-05-17 02:42:04.000000,2022-05-31 00:18:40.953511,21,20
Accept guess anyone.,https://picsum.photos/132/279,2022-05-11 23:36:04.000000,2022-05-31 00:18:40.953511,22,14
Material difference year science amount.,https://picsum.photos/469/85,2022-05-13 16:44:50.000000,2022-05-31 00:18:40.953511,23,6
Three development provide others yard go.,https://dummyimage.com/505x205,2022-05-24 15:52:53.000000,2022-05-31 00:18:40.954507,24,9
Police suffer its technology a whole.,https://dummyimage.com/611x843,2022-05-12 13:11:24.000000,2022-05-31 00:18:40.954507,25,42
Plant high ability general.,https://dummyimage.com/332x873,2022-05-28 11:54:10.000000,2022-05-31 00:18:40.954507,26,8
Perform clearly success government.,https://placekitten.com/890/783,2022-05-24 10:29:37.000000,2022-05-31 00:18:40.954507,27,14
House not available against officer physical despite author.,https://placeimg.com/255/106/any,2022-05-24 20:55:32.000000,2022-05-31 00:18:40.954507,28,39
Evening rate continue according expert region often.,https://dummyimage.com/624x374,2022-05-02 03:56:35.000000,2022-05-31 00:18:40.954507,29,29
Again happen whatever.,https://placeimg.com/58/930/any,2022-05-27 18:04:08.000000,2022-05-31 00:18:40.954507,30,26
Writer start night soldier stock state reflect drive.,https://dummyimage.com/100x274,2022-05-02 12:29:22.000000,2022-05-31 00:18:40.955506,31,45
Probably run sound individual.,https://placeimg.com/699/873/any,2022-05-05 03:10:01.000000,2022-05-31 00:18:40.955506,32,47
Table market upon firm laugh.,https://placekitten.com/415/486,2022-05-05 19:52:05.000000,2022-05-31 00:18:40.955506,33,42
Religious when travel must occur.,https://placekitten.com/758/555,2022-05-27 11:12:23.000000,2022-05-31 00:18:40.955506,34,1
Almost maybe then question imagine.,https://dummyimage.com/668x57,2022-05-10 12:11:48.000000,2022-05-31 00:18:40.955506,35,19
State under travel describe nation himself.,https://placekitten.com/410/882,2022-05-21 08:54:08.000000,2022-05-31 00:18:40.955506,36,0
Senior particular full none.,https://picsum.photos/151/392,2022-05-06 10:23:53.000000,2022-05-31 00:18:40.956503,37,26
Foreign story continue activity response travel for.,https://dummyimage.com/768x582,2022-05-30 22:57:42.000000,2022-05-31 00:18:40.956503,38,34
She great ball.,https://picsum.photos/190/77,2022-05-21 11:46:03.000000,2022-05-31 00:18:40.956503,39,29
Raise among finish themselves final summer.,https://placeimg.com/865/362/any,2022-05-13 05:29:17.000000,2022-05-31 00:18:40.956503,40,45
Above energy wide.,https://placekitten.com/852/17,2022-05-24 07:29:28.000000,2022-05-31 00:18:40.956503,41,8
Discussion probably left official.,https://dummyimage.com/233x172,2022-05-25 16:20:51.000000,2022-05-31 00:18:40.956503,42,20
Successful big last heavy analysis.,https://picsum.photos/694/153,2022-05-29 15:55:54.000000,2022-05-31 00:18:40.957500,43,47
Adult wish nor.,https://picsum.photos/952/764,2022-05-03 00:56:22.000000,2022-05-31 00:18:40.957500,44,1
Economy relationship upon brother right especially interview.,https://placeimg.com/72/817/any,2022-05-22 13:19:33.000000,2022-05-31 00:18:40.957500,45,8
Rock base consumer value eat.,https://placeimg.com/894/280/any,2022-05-01 21:00:54.000000,2022-05-31 00:18:40.957500,46,27
Big pretty much pretty plant use new.,https://dummyimage.com/166x410,2022-05-17 12:10:42.000000,2022-05-31 00:18:40.957500,47,41
Watch ok top language current.,https://dummyimage.com/787x833,2022-05-21 20:33:18.000000,2022-05-31 00:18:40.958497,48,5
Player fine town road.,https://placeimg.com/505/55/any,2022-05-21 22:39:48.000000,2022-05-31 00:18:40.958497,49,29
Left success camera condition.,https://picsum.photos/921/900,2022-05-09 03:16:54.000000,2022-05-31 00:18:40.959495,50,44
Now cultural language money property.,https://dummyimage.com/270x49,2022-05-11 10:54:55.000000,2022-05-31 00:18:40.959495,51,8
Detail my particularly financial stop follow wait.,https://dummyimage.com/507x147,2022-05-22 15:07:08.000000,2022-05-31 00:18:40.960495,52,45
Wind away success trouble weight attorney agent fill.,https://placekitten.com/768/49,2022-05-08 11:19:11.000000,2022-05-31 00:18:40.960495,53,25
Nice occur high cell.,https://placekitten.com/235/639,2022-05-04 19:08:44.000000,2022-05-31 00:18:40.960495,54,14
Hand make behavior either.,https://placeimg.com/527/389/any,2022-05-18 15:44:39.000000,2022-05-31 00:18:40.960495,55,44
Compare wind education medical final control.,https://placeimg.com/710/79/any,2022-05-22 22:27:12.000000,2022-05-31 00:18:40.961489,56,14
Stuff over concern oil travel late say.,https://placeimg.com/345/902/any,2022-05-09 02:47:57.000000,2022-05-31 00:18:40.961489,57,48
Each nearly western with.,https://placeimg.com/501/151/any,2022-05-16 16:41:07.000000,2022-05-31 00:18:40.961489,58,42
Plan raise tell expect.,https://placeimg.com/725/869/any,2022-05-23 09:29:15.000000,2022-05-31 00:18:40.962486,59,13
Network street within spring.,https://placekitten.com/1016/156,2022-05-16 14:27:00.000000,2022-05-31 00:18:40.962486,60,49
Next interesting happy possible.,https://placekitten.com/457/229,2022-05-30 20:22:34.000000,2022-05-31 00:18:40.962486,61,20
Investment price director suffer back onto movement.,https://placekitten.com/360/557,2022-05-22 05:39:18.000000,2022-05-31 00:18:40.963484,62,6
Eat be friend.,https://placekitten.com/720/991,2022-05-16 15:04:12.000000,2022-05-31 00:18:40.963484,63,38
Wear them establish.,https://placekitten.com/644/266,2022-05-22 22:39:26.000000,2022-05-31 00:18:40.964482,64,25
Save record forward position onto seek use front.,https://picsum.photos/889/892,2022-05-07 03:52:03.000000,2022-05-31 00:18:40.964482,65,8
Loss happy hotel herself possible step on.,https://picsum.photos/48/973,2022-05-05 07:36:31.000000,2022-05-31 00:18:40.964482,66,35
Play ok because contain.,https://picsum.photos/456/970,2022-05-26 14:42:10.000000,2022-05-31 00:18:40.964482,67,33
Subject event really and official but.,https://placekitten.com/798/22,2022-05-30 13:08:02.000000,2022-05-31 00:18:40.964482,68,1
Race hit evening defense.,https://dummyimage.com/580x680,2022-05-30 20:32:54.000000,2022-05-31 00:18:40.964482,69,17
Bit page away color democratic say.,https://placeimg.com/30/438/any,2022-05-02 21:18:42.000000,2022-05-31 00:18:40.964482,70,21
Serious maybe truth set tonight ten.,https://placeimg.com/69/456/any,2022-05-15 01:14:34.000000,2022-05-31 00:18:40.964482,71,1
Star social center among either example.,https://dummyimage.com/718x656,2022-05-25 00:03:45.000000,2022-05-31 00:18:40.965478,72,22
Person international financial state summer situation should.,https://picsum.photos/514/697,2022-05-30 16:29:44.000000,2022-05-31 00:18:40.965478,73,46
Next control suggest return.,https://picsum.photos/851/638,2022-05-14 05:26:34.000000,2022-05-31 00:18:40.965478,74,3
Alone culture which mother movie direction.,https://dummyimage.com/722x1021,2022-05-13 06:55:47.000000,2022-05-31 00:18:40.965478,75,7
Seem here evidence evidence study.,https://placekitten.com/462/402,2022-05-12 08:05:55.000000,2022-05-31 00:18:40.965478,76,1
Another professional unit role look exactly cover.,https://placeimg.com/60/535/any,2022-05-06 01:21:24.000000,2022-05-31 00:18:40.965478,77,33
North million several wait onto decade place would.,https://dummyimage.com/888x676,2022-05-10 22:27:30.000000,2022-05-31 00:18:40.965478,78,36
Experience fund stuff respond left.,https://dummyimage.com/108x233,2022-05-06 02:01:21.000000,2022-05-31 00:18:40.966475,79,37
Hot sign heart top level very cold.,https://dummyimage.com/464x308,2022-05-25 08:15:35.000000,2022-05-31 00:18:40.966475,80,20
Travel real surface myself house animal measure.,https://picsum.photos/316/468,2022-05-21 23:35:50.000000,2022-05-31 00:18:40.966475,81,10
About season project heart result adult down few.,https://picsum.photos/632/202,2022-05-01 16:00:51.000000,2022-05-31 00:18:40.966475,82,10
Avoid others school chance success class eight.,https://placekitten.com/230/882,2022-05-18 13:32:16.000000,2022-05-31 00:18:40.966475,83,32
Appear raise seem true sort.,https://placekitten.com/522/594,2022-05-28 06:16:29.000000,2022-05-31 00:18:40.966475,84,35
Result building study question agency.,https://dummyimage.com/1013x653,2022-05-09 13:28:37.000000,2022-05-31 00:18:40.966475,85,40
Machine leave majority play child particular.,https://dummyimage.com/45x922,2022-05-09 08:34:56.000000,2022-05-31 00:18:40.967473,86,18
Decision news rise case science above.,https://placekitten.com/625/71,2022-05-06 05:20:52.000000,2022-05-31 00:18:40.967473,87,32
Stock economic process pass.,https://placekitten.com/821/219,2022-05-07 05:59:12.000000,2022-05-31 00:18:40.967473,88,8
Manage save radio during detail trip less.,https://dummyimage.com/932x291,2022-05-27 12:50:01.000000,2022-05-31 00:18:40.967473,89,44
Push reveal American.,https://picsum.photos/848/721,2022-05-23 17:07:23.000000,2022-05-31 00:18:40.967473,90,8
Hotel billion community price rather I its.,https://picsum.photos/263/863,2022-05-02 21:36:17.000000,2022-05-31 00:18:40.967473,91,47
Continue consider hope subject worker cold effect.,https://placeimg.com/462/490/any,2022-05-21 09:16:58.000000,2022-05-31 00:18:40.968471,92,34
Of wife already think of today.,https://placeimg.com/297/689/any,2022-05-02 07:05:28.000000,2022-05-31 00:18:40.968471,93,26
Series concern sign computer bed grow just.,https://dummyimage.com/232x276,2022-05-20 07:05:05.000000,2022-05-31 00:18:40.968471,94,43
Imagine science wind light within man.,https://placeimg.com/693/219/any,2022-05-30 09:15:48.000000,2022-05-31 00:18:40.968471,95,8
Real star sign attack several gas.,https://placekitten.com/28/866,2022-05-15 05:14:38.000000,2022-05-31 00:18:40.968471,96,44
Easy share adult market free condition young.,https://placeimg.com/359/169/any,2022-05-08 20:47:48.000000,2022-05-31 00:18:40.968471,97,24
Paper unit cup.,https://placeimg.com/569/115/any,2022-05-28 17:29:39.000000,2022-05-31 00:18:40.968471,98,47
Through spring house.,https://placeimg.com/725/578/any,2022-05-23 04:00:37.000000,2022-05-31 00:18:40.969467,99,18
Term however nor law recently school my.,https://placekitten.com/331/395,2022-05-30 07:49:02.000000,2022-05-31 00:18:40.969467,100,45
Yard take media must science identify various president.,https://dummyimage.com/864x863,2022-05-24 18:03:00.000000,2022-05-31 00:18:40.969467,101,20
Feeling newspaper western radio product do student.,https://dummyimage.com/885x936,2022-05-01 13:50:08.000000,2022-05-31 00:18:40.969467,102,12
Success size event call.,https://placekitten.com/772/665,2022-05-14 19:07:07.000000,2022-05-31 00:18:40.969467,103,23
Fear buy shoulder quality edge late.,https://picsum.photos/43/712,2022-05-18 23:05:16.000000,2022-05-31 00:18:40.969467,104,37
Partner against beautiful miss.,https://picsum.photos/986/4,2022-05-20 01:15:41.000000,2022-05-31 00:18:40.969467,105,28
Pm test college reveal policy will.,https://dummyimage.com/458x856,2022-05-10 13:57:46.000000,2022-05-31 00:18:40.970464,106,6
Miss discuss glass.,https://picsum.photos/300/495,2022-05-15 16:53:45.000000,2022-05-31 00:18:40.970464,107,43
Finally minute adult old note take site.,https://placeimg.com/946/39/any,2022-05-02 06:06:42.000000,2022-05-31 00:18:40.970464,108,6
Forget water situation by amount.,https://dummyimage.com/302x18,2022-05-29 13:11:53.000000,2022-05-31 00:18:40.970464,109,14
Edge treat challenge movement choose pattern science.,https://placeimg.com/901/507/any,2022-05-22 04:44:30.000000,2022-05-31 00:18:40.970464,110,3
Can establish thousand ok source employee item.,https://picsum.photos/850/5,2022-05-10 13:07:48.000000,2022-05-31 00:18:40.970464,111,2
Which however political part account outside thus.,https://placeimg.com/703/825/any,2022-05-02 11:22:32.000000,2022-05-31 00:18:40.970464,112,8
Bar reality yes rest marriage summer.,https://placekitten.com/1015/189,2022-05-18 14:28:34.000000,2022-05-31 00:18:40.971461,113,43
Night consumer around turn entire.,https://placekitten.com/961/745,2022-05-11 22:40:01.000000,2022-05-31 00:18:40.971461,114,29
Member travel eat current.,https://dummyimage.com/738x102,2022-05-10 05:14:06.000000,2022-05-31 00:18:40.971461,115,22
Art process series call local citizen husband.,https://picsum.photos/545/974,2022-05-12 08:17:29.000000,2022-05-31 00:18:40.971461,116,15
Popular find defense cut.,https://placekitten.com/645/279,2022-05-18 12:02:43.000000,2022-05-31 00:18:40.971461,117,26
Course read first unit need benefit end.,https://placeimg.com/713/328/any,2022-05-28 17:49:03.000000,2022-05-31 00:18:40.971461,118,14
Left old young human.,https://placeimg.com/93/169/any,2022-05-27 13:29:25.000000,2022-05-31 00:18:40.971461,119,43
Traditional lay white.,https://placekitten.com/894/310,2022-05-10 05:33:47.000000,2022-05-31 00:18:40.971461,120,4
Real matter section task office nearly people foreign.,https://dummyimage.com/344x625,2022-05-06 05:22:50.000000,2022-05-31 00:18:40.972458,121,6
Network theory little any class.,https://picsum.photos/265/578,2022-05-17 13:19:08.000000,2022-05-31 00:18:40.972458,122,4
Benefit upon stop door without early.,https://dummyimage.com/819x527,2022-05-03 04:15:29.000000,2022-05-31 00:18:40.972458,123,28
Add wonder newspaper any writer or.,https://placekitten.com/636/494,2022-05-17 05:58:12.000000,2022-05-31 00:18:40.972458,124,46
Clear after product read ever let.,https://placekitten.com/702/219,2022-05-23 00:43:42.000000,2022-05-31 00:18:40.972458,125,0
Girl recognize official against eight remain walk professional.,https://placeimg.com/1012/529/any,2022-05-07 02:18:51.000000,2022-05-31 00:18:40.972458,126,14
Buy stuff common Republican pattern big only.,https://placekitten.com/215/686,2022-05-14 02:22:23.000000,2022-05-31 00:18:40.972458,127,25
Section system usually little.,https://picsum.photos/380/843,2022-05-07 10:57:03.000000,2022-05-31 00:18:40.973456,128,39
Step much financial former first campaign.,https://placekitten.com/469/78,2022-05-25 23:27:24.000000,2022-05-31 00:18:40.973456,129,37
Deal most system though glass.,https://dummyimage.com/233x265,2022-05-15 01:50:42.000000,2022-05-31 00:18:40.973456,130,33
Personal Republican under Mr like practice lay.,https://placekitten.com/308/794,2022-05-11 07:02:58.000000,2022-05-31 00:18:40.973456,131,19
Data sit difficult clear manage child miss.,https://placeimg.com/902/301/any,2022-05-24 01:27:11.000000,2022-05-31 00:18:40.973456,132,4
Forget list respond market blood.,https://dummyimage.com/888x192,2022-05-11 12:08:43.000000,2022-05-31 00:18:40.974454,133,29
Role film increase me traditional fear seek.,https://placeimg.com/818/574/any,2022-05-12 21:55:37.000000,2022-05-31 00:18:40.974454,134,4
Final support huge through.,https://picsum.photos/441/917,2022-05-01 22:36:30.000000,2022-05-31 00:18:40.974454,135,27
Church model certainly rather control.,https://placeimg.com/678/520/any,2022-05-06 09:04:31.000000,2022-05-31 00:18:40.974454,136,46
Loss nice century high guess beat amount.,https://dummyimage.com/865x169,2022-05-26 05:51:54.000000,2022-05-31 00:18:40.974454,137,11
Ground tough listen understand.,https://dummyimage.com/480x26,2022-05-27 05:02:53.000000,2022-05-31 00:18:40.975458,138,40
Throughout wrong difference reality.,https://placeimg.com/20/781/any,2022-05-19 18:42:11.000000,2022-05-31 00:18:40.975458,139,45
Family upon friend indeed heavy.,https://placekitten.com/124/152,2022-05-26 10:09:05.000000,2022-05-31 00:18:40.976455,140,15
Tax special include result assume.,https://placeimg.com/202/110/any,2022-05-09 04:35:33.000000,2022-05-31 00:18:40.976455,141,27
The executive risk plant million hair company late.,https://placekitten.com/975/1010,2022-05-10 16:49:46.000000,2022-05-31 00:18:40.976455,142,28
Place policy front key.,https://dummyimage.com/913x58,2022-05-30 05:22:14.000000,2022-05-31 00:18:40.977447,143,27
Standard establish between garden my rate hard.,https://placeimg.com/862/636/any,2022-05-17 20:14:56.000000,2022-05-31 00:18:40.977447,144,37
Civil lay production break answer without bit.,https://dummyimage.com/632x504,2022-05-12 09:46:22.000000,2022-05-31 00:18:40.977447,145,41
Long executive work positive fine score.,https://picsum.photos/49/629,2022-05-25 04:40:14.000000,2022-05-31 00:18:40.977447,146,44
Task beat apply relate.,https://picsum.photos/490/185,2022-05-27 18:01:14.000000,2022-05-31 00:18:40.977447,147,31
Perhaps I buy enjoy never often glass.,https://placekitten.com/891/294,2022-05-05 00:15:22.000000,2022-05-31 00:18:40.977447,148,14
Gas site read key then left wife tonight.,https://dummyimage.com/109x103,2022-05-29 01:13:21.000000,2022-05-31 00:18:40.978444,149,36
Beautiful tough book law our.,https://placeimg.com/302/607/any,2022-05-09 14:36:46.000000,2022-05-31 00:18:40.978444,150,18
Bed position current toward save.,https://placeimg.com/535/358/any,2022-05-24 12:44:58.000000,2022-05-31 00:18:40.978444,151,0
Carry entire image hot day seek bag.,https://picsum.photos/567/69,2022-05-04 12:29:07.000000,2022-05-31 00:18:40.978444,152,2
And watch manage through theory great experience.,https://dummyimage.com/266x927,2022-05-20 16:27:50.000000,2022-05-31 00:18:40.978444,153,36
Short world movie research member event oil.,https://placeimg.com/71/341/any,2022-05-13 00:10:22.000000,2022-05-31 00:18:40.978444,154,3
Machine laugh grow reduce.,https://placeimg.com/548/946/any,2022-05-22 16:33:07.000000,2022-05-31 00:18:40.978444,155,48
Enjoy success heavy art south apply set.,https://picsum.photos/331/104,2022-05-19 15:58:44.000000,2022-05-31 00:18:40.978444,156,40
Memory site once sign before.,https://placeimg.com/772/874/any,2022-05-26 03:16:53.000000,2022-05-31 00:18:40.979441,157,4
Girl plan notice feel address often seek.,https://dummyimage.com/199x77,2022-05-28 23:33:36.000000,2022-05-31 00:18:40.979441,158,41
Point cold seat if play air.,https://picsum.photos/9/472,2022-05-24 08:50:02.000000,2022-05-31 00:18:40.979441,159,48
Great article movement laugh will recent you.,https://dummyimage.com/966x166,2022-05-26 06:23:27.000000,2022-05-31 00:18:40.979441,160,4
Stage determine meeting.,https://placeimg.com/87/72/any,2022-05-26 02:22:31.000000,2022-05-31 00:18:40.979441,161,44
Item member town learn.,https://placeimg.com/264/962/any,2022-05-14 00:33:37.000000,2022-05-31 00:18:40.979441,162,17
Wrong challenge manage ability food how drop.,https://dummyimage.com/935x881,2022-05-08 14:21:48.000000,2022-05-31 00:18:40.979441,163,37
Tax still soon thus science.,https://placekitten.com/633/157,2022-05-05 14:14:17.000000,2022-05-31 00:18:40.980438,164,42
Work herself forward gas mean.,https://picsum.photos/1015/577,2022-05-18 01:17:58.000000,2022-05-31 00:18:40.980438,165,41
Child customer attention treatment hold.,https://picsum.photos/208/853,2022-05-25 16:31:28.000000,2022-05-31 00:18:40.980438,166,32
Kind think turn later use.,https://dummyimage.com/285x990,2022-05-10 17:37:16.000000,2022-05-31 00:18:40.980438,167,24
Office edge ready same letter rate.,https://placekitten.com/804/504,2022-05-29 16:35:48.000000,2022-05-31 00:18:40.980438,168,26
Unit brother phone course.,https://dummyimage.com/40x186,2022-05-29 11:43:00.000000,2022-05-31 00:18:40.980438,169,15
Sound air risk investment laugh carry.,https://picsum.photos/313/653,2022-05-30 17:09:26.000000,2022-05-31 00:18:40.980438,170,8
One off fire expert own kid.,https://placeimg.com/765/381/any,2022-05-28 01:22:57.000000,2022-05-31 00:18:40.980438,171,45
Indeed all imagine nice item.,https://picsum.photos/901/114,2022-05-22 00:31:41.000000,2022-05-31 00:18:40.981435,172,40
Wish rate certain consumer fast receive space picture.,https://placekitten.com/844/83,2022-05-12 09:01:31.000000,2022-05-31 00:18:40.981435,173,10
About office hit management picture.,https://placekitten.com/51/1018,2022-05-15 06:06:46.000000,2022-05-31 00:18:40.981435,174,38
Young win either happen party alone air.,https://picsum.photos/885/392,2022-05-30 13:50:44.000000,2022-05-31 00:18:40.981435,175,15
Consumer likely identify analysis watch treatment.,https://placekitten.com/951/654,2022-05-26 23:19:00.000000,2022-05-31 00:18:40.981435,176,36
Property could listen report represent.,https://picsum.photos/487/506,2022-05-18 09:11:00.000000,2022-05-31 00:18:40.981435,177,12
Son move eye but soon song.,https://placeimg.com/990/933/any,2022-05-22 12:10:58.000000,2022-05-31 00:18:40.981435,178,46
Success strategy land game from television my.,https://picsum.photos/483/79,2022-05-08 02:24:13.000000,2022-05-31 00:18:40.982433,179,23
Even international participant every accept peace.,https://dummyimage.com/128x615,2022-05-23 13:02:15.000000,2022-05-31 00:18:40.982433,180,21
Offer Republican through himself.,https://dummyimage.com/103x734,2022-05-30 21:05:15.000000,2022-05-31 00:18:40.982433,181,48
Room event power woman building debate.,https://placekitten.com/353/796,2022-05-23 02:35:42.000000,2022-05-31 00:18:40.982433,182,34
Enjoy later reveal general.,https://dummyimage.com/347x165,2022-05-01 16:09:25.000000,2022-05-31 00:18:40.982433,183,34
Away partner traditional language question.,https://picsum.photos/859/350,2022-05-22 22:44:44.000000,2022-05-31 00:18:40.982433,184,10
Exist figure poor.,https://dummyimage.com/362x910,2022-05-14 05:42:25.000000,2022-05-31 00:18:40.982433,185,10
Would direction society forward hit type believe.,https://picsum.photos/258/363,2022-05-24 18:26:07.000000,2022-05-31 00:18:40.983430,186,22
Voice consider senior low sing.,https://placekitten.com/200/357,2022-05-15 05:45:31.000000,2022-05-31 00:18:40.983430,187,29
Open argue seat true it television game.,https://placeimg.com/938/314/any,2022-05-27 15:47:45.000000,2022-05-31 00:18:40.983430,188,31
Take health carry probably radio room.,https://picsum.photos/237/452,2022-05-25 09:49:03.000000,2022-05-31 00:18:40.983430,189,43
Pass address pick carry very something simply.,https://placekitten.com/1021/823,2022-05-26 16:24:20.000000,2022-05-31 00:18:40.983430,190,5
Base name pass front people Mrs until.,https://dummyimage.com/30x354,2022-05-25 21:30:32.000000,2022-05-31 00:18:40.984428,191,22
Your talk face exist.,https://dummyimage.com/47x458,2022-05-04 06:24:08.000000,2022-05-31 00:18:40.984428,192,41
Ball hear manage so himself near increase.,https://placekitten.com/868/155,2022-05-22 16:42:21.000000,2022-05-31 00:18:40.984428,193,8
After than lose game seek enjoy candidate fish.,https://dummyimage.com/334x432,2022-05-22 00:14:58.000000,2022-05-31 00:18:40.984428,194,41
Agreement change street meet law.,https://placekitten.com/334/120,2022-05-11 06:26:19.000000,2022-05-31 00:18:40.984428,195,39
Ready live sport.,https://picsum.photos/259/567,2022-05-08 04:10:51.000000,2022-05-31 00:18:40.984428,196,13
Share establish site country choose maybe room make.,https://placeimg.com/963/217/any,2022-05-01 22:13:41.000000,2022-05-31 00:18:40.984428,197,0
Purpose job news argue.,https://dummyimage.com/531x904,2022-05-09 16:24:13.000000,2022-05-31 00:18:40.985425,198,16
Watch huge shoulder story.,https://picsum.photos/242/864,2022-05-22 08:33:31.000000,2022-05-31 00:18:40.985425,199,36
